Category: All categories,
,
Month,gym membership: (United States)
2012-02,44
2012-03,35
2012-04,40
2012-05,42
2012-06,45
2012-07,44
2012-08,50
2012-09,38
2012-10,37
2012-11,40
2012-12,43
2013-01,65
2013-02,50
2013-03,47
2013-04,41
2013-05,47
2013-06,50
2013-07,51
2013-08,56
2013-09,47
2013-10,46
2013-11,44
2013-12,51
2014-01,68
2014-02,55
2014-03,54
2014-04,49
2014-05,56
2014-06,56
2014-07,52
2014-08,55
2014-09,50
2014-10,44
2014-11,43
2014-12,56
2015-01,71
2015-02,50
2015-03,53
2015-04,48
2015-05,55
2015-06,55
2015-07,54
2015-08,60
2015-09,48
2015-10,48
2015-11,47
2015-12,54
2016-01,82
2016-02,63
2016-03,60
2016-04,60
2016-05,71
2016-06,65
2016-07,62
2016-08,67
2016-09,58
2016-10,50
2016-11,58
2016-12,69
2017-01,88
2017-02,74
2017-03,64
2017-04,58
2017-05,77
2017-06,79
2017-07,71
2017-08,70
2017-09,61
2017-10,63
2017-11,66
2017-12,69
2018-01,99
2018-02,75
2018-03,74
2018-04,67
2018-05,73
2018-06,81
2018-07,73
2018-08,75
2018-09,69
2018-10,65
2018-11,69
2018-12,78
2019-01,100
2019-02,80
2019-03,74
2019-04,72
2019-05,83
2019-06,78
2019-07,76
2019-08,77
2019-09,74
2019-10,67
2019-11,73
2019-12,81
2020-01,98
2020-02,80
2020-03,55
2020-04,28
2020-05,34
2020-06,54
2020-07,45
2020-08,43
2020-09,50
2020-10,52
2020-11,48
2020-12,49
2021-01,65
2021-02,56
2021-03,63
2021-04,61
2021-05,70
2021-06,78
2021-07,72
2021-08,66
2021-09,66
2021-10,56
2021-11,70
2021-12,69
2022-01,91
2022-02,84
2022-03,81
2022-04,73
2022-05,84
2022-06,88
2022-07,85
2022-08,89
2022-09,77
2022-10,73
2022-11,82
2022-12,77
